"","x"
"1",2
"2",7
"3",9
"4",25
"5",10
"6",1
"7",23
"8",3
"9",25
"10",10
"11",24
"12",14
"13",25
"14",2
"15",11
"16",2
"17",3
"18",3
"19",24
"20",14
"21",1
"22",25
"23",2
"24",2
"25",3
"26",10
"27",2
"28",3
"29",3
"30",2
"31",3
"32",3
"33",4
"34",2
"35",25
"36",3
"37",2
"38",2
"39",25
"40",4
"41",2
"42",1
"43",22
"44",18
"45",25
"46",2
"47",3
"48",2
"49",3
"50",20
"51",24
"52",25
"53",17
"54",3
"55",13
"56",3
"57",17
"58",21
"59",11
"60",2
"61",16
"62",18
"63",24
"64",2
"65",2
"66",24
"67",5
"68",2
"69",25
"70",18
"71",3
"72",3
"73",3
"74",9
"75",3
"76",3
"77",25
"78",1
"79",1
"80",3
"81",3
"82",2
"83",2
"84",6
"85",1
"86",2
"87",6
"88",10
"89",3
"90",13
"91",19
"92",2
"93",2
"94",2
"95",25
"96",25
"97",2
"98",12
"99",1
"100",1
"101",2
"102",25
"103",10
"104",1
"105",5
"106",2
"107",5
"108",4
"109",2
"110",5
"111",2
"112",10
"113",11
"114",3
"115",3
"116",25
"117",3
"118",9
"119",3
"120",3
"121",3
"122",2
"123",2
"124",1
"125",2
"126",9
"127",18
"128",2
"129",10
"130",2
"131",19
"132",2
"133",25
"134",10
"135",9
"136",3
"137",9
"138",17
"139",7
"140",10
"141",2
"142",25
"143",16
"144",4
"145",12
"146",21
"147",4
"148",16
"149",10
"150",17
"151",3
"152",18
"153",11
"154",18
"155",3
"156",3
"157",14
"158",13
"159",3
"160",3
"161",1
"162",2
"163",25
"164",4
"165",24
"166",16
"167",7
"168",8
"169",25
"170",2
"171",1
"172",2
"173",10
"174",24
"175",3
"176",3
"177",3
"178",22
"179",16
"180",1
"181",25
"182",11
"183",25
"184",3
"185",15
"186",16
"187",8
"188",2
"189",2
"190",2
"191",25
"192",9
"193",3
"194",25
"195",25
"196",3
"197",3
"198",3
"199",14
"200",24
"201",14
"202",1
"203",11
"204",19
"205",3
"206",3
"207",9
"208",3
"209",18
"210",2
"211",2
"212",14
"213",14
"214",25
"215",3
"216",11
"217",23
"218",2
"219",3
"220",3
"221",24
"222",3
"223",18
"224",10
"225",25
"226",25
"227",1
"228",9
"229",25
"230",16
"231",15
"232",1
"233",3
"234",11
"235",2
"236",25
"237",2
"238",24
"239",9
"240",9
"241",21
"242",17
"243",25
"244",15
"245",11
"246",25
"247",9
"248",10
"249",3
"250",9
"251",15
"252",8
"253",25
"254",3
"255",2
"256",3
"257",20
"258",9
"259",5
"260",25
"261",21
"262",15
"263",25
"264",2
"265",20
"266",5
"267",9
"268",14
"269",25
"270",14
"271",2
"272",2
"273",9
"274",24
"275",3
"276",2
"277",25
"278",23
"279",24
"280",10
"281",24
"282",2
"283",25
"284",17
"285",3
"286",1
"287",2
"288",25
"289",2
"290",25
"291",17
"292",25
"293",10
"294",24
"295",2
"296",1
"297",3
"298",1
"299",8
"300",2
"301",5
"302",19
"303",15
"304",2
"305",8
"306",1
"307",10
"308",25
"309",4
"310",8
"311",12
"312",23
"313",25
"314",4
"315",19
"316",2
"317",2
"318",17
"319",1
"320",18
"321",10
"322",3
"323",4
"324",19
"325",25
"326",3
"327",2
"328",3
"329",25
"330",25
"331",3
"332",3
"333",14
"334",17
"335",2
"336",3
"337",15
"338",3
"339",2
"340",17
"341",15
"342",19
"343",17
"344",5
"345",2
"346",11
"347",15
"348",25
"349",1
"350",3
"351",3
"352",1
"353",3
"354",2
"355",17
"356",16
"357",17
"358",25
"359",2
"360",15
"361",2
"362",10
"363",24
"364",1
"365",18
"366",3
"367",2
"368",1
"369",3
"370",1
"371",15
"372",2
"373",10
"374",25
"375",10
"376",2
"377",9
"378",2
"379",2
"380",3
"381",20
"382",15
"383",2
"384",2
"385",24
"386",3
"387",2
"388",25
"389",10
"390",25
"391",22
"392",1
"393",24
"394",11
"395",2
"396",25
"397",24
"398",25
"399",4
"400",22
"401",1
"402",25
"403",25
"404",3
"405",19
"406",10
"407",10
"408",16
"409",1
"410",3
"411",25
"412",9
"413",4
"414",16
"415",14
"416",2
"417",25
"418",25
"419",25
"420",25
"421",25
"422",2
"423",24
"424",3
"425",17
"426",3
"427",10
"428",19
"429",2
"430",25
"431",25
"432",12
"433",25
"434",9
"435",3
"436",23
"437",24
"438",1
"439",2
"440",1
"441",9
"442",25
"443",21
"444",25
"445",3
"446",18
"447",2
"448",2
"449",24
"450",10
"451",25
"452",19
"453",2
"454",8
"455",25
"456",2
"457",16
"458",3
"459",3
"460",2
"461",23
"462",1
"463",17
"464",19
"465",9
"466",2
"467",2
"468",24
"469",25
"470",4
"471",3
"472",24
"473",25
"474",25
"475",23
"476",3
"477",4
"478",1
"479",15
"480",25
"481",2
"482",1
"483",25
"484",5
"485",2
"486",4
"487",20
"488",2
"489",4
"490",21
"491",3
"492",9
"493",11
"494",19
"495",3
"496",16
"497",3
"498",15
"499",10
"500",6
"501",2
"502",17
"503",3
"504",14
"505",3
"506",25
"507",14
"508",24
"509",4
"510",2
"511",3
"512",1
"513",3
"514",5
"515",2
"516",2
"517",16
"518",3
"519",20
"520",3
"521",18
"522",10
"523",2
"524",25
"525",24
"526",2
"527",15
"528",3
"529",17
"530",1
"531",3
"532",2
"533",24
"534",2
"535",24
"536",2
"537",2
"538",2
"539",15
"540",25
"541",16
"542",25
"543",19
"544",25
"545",25
"546",17
"547",1
"548",16
"549",23
"550",3
"551",3
"552",25
"553",5
"554",25
"555",24
"556",4
"557",2
"558",25
"559",25
"560",2
"561",2
"562",25
"563",1
"564",21
"565",21
"566",3
"567",21
"568",9
"569",2
"570",25
"571",25
"572",16
"573",2
"574",25
"575",25
"576",2
"577",9
"578",2
"579",23
"580",17
"581",17
"582",3
"583",3
"584",20
"585",25
"586",25
"587",5
"588",4
"589",21
"590",2
"591",6
"592",3
"593",2
"594",2
"595",25
"596",16
"597",3
"598",2
"599",2
"600",22
"601",23
"602",14
"603",19
"604",15
"605",3
"606",3
"607",21
"608",16
"609",6
"610",15
"611",3
"612",3
"613",3
"614",13
"615",10
"616",3
"617",17
"618",2
"619",11
"620",3
"621",25
"622",18
"623",3
"624",2
"625",2
"626",3
"627",24
"628",2
"629",17
"630",14
"631",14
"632",16
"633",4
"634",19
"635",17
"636",1
"637",23
"638",25
"639",17
"640",22
"641",25
"642",15
"643",25
"644",1
"645",2
"646",23
"647",10
"648",2
"649",3
"650",25
"651",25
"652",2
"653",3
"654",9
"655",25
"656",10
"657",2
"658",1
"659",18
"660",14
"661",2
"662",3
"663",3
"664",4
"665",21
"666",9
"667",3
"668",3
"669",24
"670",25
"671",2
"672",19
"673",3
"674",9
"675",3
"676",24
"677",1
"678",19
"679",21
"680",3
"681",10
"682",2
"683",3
"684",2
"685",3
"686",3
"687",3
"688",24
"689",1
"690",17
"691",3
"692",17
"693",2
"694",1
"695",2
"696",3
"697",17
"698",8
"699",2
"700",25
"701",3
"702",25
"703",25
"704",2
"705",1
"706",3
"707",2
"708",9
"709",3
"710",25
"711",22
"712",2
"713",25
"714",13
"715",2
"716",24
"717",25
"718",2
"719",24
"720",10
"721",24
"722",1
"723",1
"724",24
"725",15
"726",25
"727",10
"728",25
"729",2
"730",24
"731",17
"732",3
"733",25
"734",1
"735",19
"736",15
"737",24
"738",16
"739",3
"740",25
"741",1
"742",24
"743",9
"744",3
"745",1
"746",14
"747",24
"748",23
"749",15
"750",10
"751",1
"752",9
"753",15
"754",4
"755",1
"756",2
"757",24
"758",1
"759",3
"760",1
"761",2
"762",24
"763",15
"764",2
"765",2
"766",19
"767",16
"768",2
"769",3
"770",2
"771",2
"772",4
"773",4
"774",18
"775",2
"776",1
"777",2
"778",25
"779",19
"780",25
"781",2
"782",2
"783",2
"784",22
"785",24
"786",2
"787",1
"788",4
"789",2
"790",2
"791",1
"792",10
"793",1
"794",5
"795",2
"796",10
"797",3
"798",24
"799",2
"800",3
"801",9
"802",3
"803",3
"804",9
"805",3
"806",24
"807",2
"808",20
"809",9
"810",3
"811",21
"812",11
"813",3
"814",24
"815",5
"816",12
"817",15
"818",2
"819",2
"820",2
"821",25
"822",25
"823",10
"824",25
"825",2
"826",3
"827",11
"828",14
"829",17
"830",3
"831",9
"832",25
"833",25
"834",1
"835",25
"836",10
"837",17
"838",13
"839",21
"840",16
"841",25
"842",2
"843",2
"844",1
"845",2
"846",2
"847",9
"848",3
"849",10
"850",3
"851",25
"852",22
"853",25
"854",3
"855",3
"856",2
"857",1
"858",2
"859",10
"860",2
"861",2
"862",8
"863",10
"864",20
"865",14
"866",9
"867",2
"868",12
"869",2
"870",2
"871",6
"872",24
"873",17
"874",19
"875",17
"876",5
"877",20
"878",16
"879",15
"880",17
"881",25
"882",25
"883",8
"884",22
"885",9
"886",2
"887",11
"888",24
"889",20
"890",24
"891",24
"892",3
"893",24
"894",16
"895",2
"896",4
"897",3
"898",2
"899",23
"900",5
"901",5
"902",20
"903",16
"904",3
"905",10
"906",1
"907",25
"908",12
"909",2
"910",2
"911",17
"912",1
"913",25
"914",3
"915",5
"916",25
"917",15
"918",2
"919",15
"920",3
"921",3
"922",3
"923",9
"924",2
"925",4
"926",24
"927",20
"928",2
"929",2
"930",25
"931",1
"932",1
"933",25
"934",24
"935",2
"936",2
"937",17
"938",10
"939",2
"940",14
"941",21
"942",25
"943",2
"944",24
"945",19
"946",24
"947",24
"948",23
"949",11
"950",3
"951",1
"952",25
"953",2
"954",3
"955",9
"956",2
"957",10
"958",3
"959",24
"960",18
"961",9
"962",18
"963",2
"964",24
"965",5
"966",24
"967",15
"968",25
"969",8
"970",3
"971",12
"972",2
"973",24
"974",2
"975",3
"976",25
"977",4
"978",2
"979",25
"980",21
"981",2
"982",24
"983",2
"984",18
"985",9
"986",2
"987",21
"988",5
"989",16
"990",20
"991",3
"992",17
"993",2
"994",24
"995",3
"996",2
"997",22
"998",22
"999",10
"1000",1
"1001",2
"1002",3
"1003",1
"1004",22
"1005",25
"1006",10
"1007",2
"1008",24
"1009",24
"1010",18
"1011",3
"1012",14
"1013",25
"1014",2
"1015",4
"1016",25
"1017",3
"1018",25
"1019",24
"1020",1
"1021",2
"1022",16
"1023",4
"1024",2
"1025",3
"1026",2
"1027",3
"1028",2
"1029",14
"1030",2
"1031",1
"1032",3
"1033",2
"1034",25
"1035",2
"1036",24
"1037",22
"1038",2
"1039",16
"1040",14
"1041",12
"1042",3
"1043",2
"1044",3
"1045",2
"1046",20
"1047",2
"1048",15
"1049",1
"1050",7
"1051",25
"1052",5
"1053",2
"1054",8
"1055",10
"1056",8
"1057",10
"1058",10
"1059",19
"1060",3
"1061",1
"1062",2
"1063",10
"1064",9
"1065",3
"1066",21
"1067",9
"1068",10
"1069",20
"1070",2
"1071",2
"1072",3
"1073",25
"1074",13
"1075",2
"1076",2
"1077",25
"1078",14
"1079",3
"1080",1
"1081",3
"1082",12
"1083",2
"1084",9
"1085",23
"1086",2
"1087",2
"1088",24
"1089",19
"1090",11
"1091",20
"1092",3
"1093",2
"1094",3
"1095",1
"1096",25
"1097",2
"1098",17
"1099",2
"1100",2
"1101",2
"1102",23
"1103",19
"1104",19
"1105",5
"1106",10
"1107",2
"1108",18
"1109",17
"1110",15
"1111",24
"1112",24
"1113",2
"1114",2
"1115",25
"1116",16
"1117",3
"1118",10
"1119",25
"1120",21
"1121",3
"1122",1
"1123",14
"1124",25
"1125",15
"1126",1
"1127",21
"1128",25
"1129",11
"1130",19
"1131",2
"1132",2
"1133",10
"1134",24
"1135",22
"1136",3
"1137",9
"1138",24
"1139",25
"1140",25
"1141",8
"1142",2
"1143",25
"1144",3
"1145",10
"1146",2
"1147",3
"1148",19
"1149",9
"1150",22
"1151",25
"1152",16
"1153",24
"1154",2
"1155",2
"1156",23
"1157",2
"1158",25
"1159",2
"1160",2
"1161",3
"1162",3
"1163",2
"1164",2
"1165",2
"1166",9
"1167",3
"1168",25
"1169",25
"1170",2
"1171",2
"1172",2
"1173",12
"1174",23
"1175",3
"1176",2
"1177",13
"1178",2
"1179",3
"1180",2
"1181",23
"1182",10
"1183",3
"1184",3
"1185",3
"1186",2
"1187",25
"1188",25
"1189",25
"1190",2
"1191",2
"1192",25
"1193",1
"1194",2
"1195",2
"1196",23
"1197",4
"1198",10
"1199",3
"1200",18
"1201",25
"1202",1
"1203",15
"1204",4
"1205",1
"1206",2
"1207",10
"1208",2
"1209",23
"1210",9
"1211",10
"1212",22
"1213",1
"1214",3
"1215",9
"1216",2
"1217",24
"1218",1
"1219",11
"1220",2
"1221",3
"1222",14
"1223",11
"1224",11
"1225",24
"1226",24
"1227",8
"1228",4
"1229",6
"1230",1
"1231",2
"1232",25
"1233",2
"1234",21
"1235",25
"1236",2
"1237",3
"1238",25
"1239",14
"1240",2
"1241",25
"1242",25
"1243",3
"1244",2
"1245",1
"1246",25
"1247",8
"1248",5
"1249",25
"1250",2
"1251",25
"1252",8
"1253",16
"1254",5
"1255",25
"1256",25
"1257",2
"1258",3
"1259",1
"1260",19
"1261",12
"1262",1
"1263",10
"1264",7
"1265",3
"1266",2
"1267",1
"1268",18
"1269",13
"1270",3
"1271",2
"1272",5
"1273",3
"1274",24
"1275",25
"1276",2
"1277",25
"1278",3
"1279",3
"1280",25
"1281",19
"1282",2
"1283",10
"1284",25
"1285",25
"1286",23
"1287",25
"1288",3
"1289",11
"1290",9
"1291",25
"1292",1
"1293",25
"1294",23
"1295",1
"1296",2
"1297",24
"1298",3
"1299",2
"1300",11
"1301",25
"1302",25
"1303",24
"1304",25
"1305",3
"1306",2
"1307",2
"1308",3
"1309",21
"1310",10
"1311",20
"1312",1
"1313",2
"1314",3
"1315",24
"1316",1
"1317",24
"1318",25
"1319",25
"1320",25
"1321",1
"1322",2
"1323",9
"1324",24
"1325",9
"1326",23
"1327",3
"1328",1
"1329",3
"1330",2
"1331",2
"1332",1
"1333",1
"1334",21
"1335",1
"1336",2
"1337",11
"1338",8
"1339",3
"1340",2
"1341",3
"1342",7
"1343",2
"1344",24
"1345",1
"1346",21
"1347",2
"1348",1
"1349",24
"1350",22
"1351",2
"1352",16
"1353",6
"1354",1
"1355",25
"1356",3
"1357",25
"1358",2
"1359",15
"1360",3
"1361",19
"1362",2
"1363",3
"1364",25
"1365",24
"1366",25
"1367",3
"1368",25
"1369",20
"1370",1
"1371",25
"1372",21
"1373",9
"1374",16
"1375",20
"1376",3
"1377",25
"1378",2
"1379",4
"1380",11
"1381",3
"1382",3
"1383",4
"1384",1
"1385",3
"1386",1
"1387",2
"1388",2
"1389",2
"1390",2
"1391",3
"1392",20
"1393",17
"1394",2
"1395",24
"1396",24
"1397",25
"1398",20
"1399",9
"1400",3
"1401",25
"1402",10
"1403",24
"1404",24
"1405",24
"1406",25
"1407",23
"1408",16
"1409",25
"1410",16
"1411",21
"1412",24
"1413",25
"1414",3
"1415",1
"1416",3
"1417",3
"1418",2
"1419",7
"1420",20
"1421",22
"1422",24
"1423",17
"1424",2
"1425",25
"1426",19
"1427",20
"1428",17
"1429",17
"1430",25
"1431",1
"1432",15
"1433",2
"1434",2
"1435",2
"1436",18
"1437",3
"1438",19
"1439",25
"1440",25
"1441",3
"1442",2
"1443",1
"1444",1
"1445",25
"1446",16
"1447",25
"1448",9
"1449",25
"1450",17
"1451",5
"1452",22
"1453",7
"1454",2
"1455",25
"1456",2
"1457",16
"1458",2
"1459",3
"1460",3
"1461",20
"1462",2
"1463",3
"1464",24
"1465",25
"1466",25
"1467",23
"1468",19
"1469",25
"1470",25
"1471",24
"1472",25
"1473",16
"1474",21
"1475",19
"1476",25
"1477",17
"1478",25
"1479",13
"1480",3
"1481",17
"1482",3
"1483",15
"1484",1
"1485",25
"1486",4
"1487",25
"1488",18
"1489",7
"1490",1
"1491",2
"1492",9
"1493",24
"1494",16
"1495",2
"1496",24
"1497",3
"1498",3
"1499",25
"1500",3
"1501",3
"1502",1
"1503",3
"1504",1
"1505",3
"1506",17
"1507",19
"1508",24
"1509",2
"1510",3
"1511",21
"1512",3
"1513",3
"1514",2
"1515",24
"1516",24
"1517",2
"1518",8
"1519",3
"1520",3
"1521",1
"1522",25
"1523",24
"1524",2
"1525",25
"1526",2
"1527",9
"1528",25
"1529",18
"1530",25
"1531",3
"1532",3
"1533",1
"1534",2
"1535",16
"1536",21
"1537",25
"1538",24
"1539",12
"1540",10
"1541",3
"1542",9
"1543",1
"1544",25
"1545",3
"1546",2
"1547",1
"1548",2
"1549",24
"1550",19
"1551",14
"1552",14
"1553",3
"1554",16
"1555",8
"1556",24
"1557",4
"1558",25
"1559",4
"1560",10
"1561",2
"1562",21
"1563",20
"1564",5
"1565",17
"1566",3
"1567",2
"1568",24
"1569",25
"1570",2
"1571",25
"1572",4
"1573",24
"1574",2
"1575",25
"1576",25
"1577",2
"1578",8
"1579",24
"1580",2
"1581",21
"1582",17
"1583",6
"1584",25
"1585",1
"1586",17
"1587",20
"1588",25
"1589",2
"1590",2
"1591",1
"1592",3
"1593",2
"1594",2
"1595",22
"1596",24
"1597",15
"1598",20
"1599",22
"1600",2
"1601",24
"1602",4
"1603",25
"1604",2
"1605",22
"1606",20
"1607",25
"1608",3
"1609",25
"1610",1
"1611",25
"1612",3
"1613",17
"1614",22
"1615",3
"1616",3
"1617",2
"1618",21
"1619",25
"1620",20
"1621",11
"1622",19
"1623",24
"1624",2
"1625",10
"1626",8
"1627",11
"1628",25
"1629",24
"1630",24
"1631",2
"1632",4
"1633",2
"1634",1
"1635",2
"1636",4
"1637",2
"1638",17
"1639",3
"1640",25
"1641",2
"1642",6
"1643",24
"1644",9
"1645",25
"1646",23
"1647",24
"1648",3
"1649",2
"1650",8
"1651",14
"1652",2
"1653",10
"1654",2
"1655",24
"1656",3
"1657",2
"1658",17
"1659",4
"1660",25
"1661",22
"1662",25
"1663",18
"1664",24
"1665",3
"1666",1
"1667",25
"1668",21
"1669",2
"1670",9
"1671",4
"1672",25
"1673",7
"1674",1
"1675",9
"1676",25
"1677",12
"1678",3
"1679",2
"1680",1
"1681",8
"1682",24
"1683",2
"1684",2
"1685",25
"1686",24
"1687",10
"1688",2
"1689",14
"1690",25
"1691",17
"1692",25
"1693",19
"1694",2
"1695",3
"1696",24
"1697",25
"1698",24
"1699",6
"1700",3
"1701",1
"1702",25
"1703",17
"1704",8
"1705",1
"1706",3
"1707",25
"1708",25
"1709",25
"1710",3
"1711",14
"1712",21
"1713",17
"1714",17
"1715",19
"1716",3
"1717",22
"1718",15
"1719",25
"1720",5
"1721",2
"1722",6
"1723",16
"1724",2
"1725",25
"1726",16
"1727",15
"1728",25
"1729",17
"1730",20
"1731",2
"1732",1
"1733",3
"1734",2
"1735",2
"1736",4
"1737",3
"1738",3
"1739",24
"1740",3
"1741",2
"1742",25
"1743",25
"1744",21
"1745",20
"1746",19
"1747",10
"1748",3
"1749",2
"1750",24
"1751",3
"1752",25
"1753",20
"1754",4
"1755",24
"1756",16
"1757",16
"1758",21
"1759",20
"1760",1
"1761",4
"1762",25
"1763",22
"1764",2
"1765",3
"1766",17
"1767",25
"1768",2
"1769",24
"1770",25
"1771",23
"1772",2
"1773",19
"1774",4
"1775",1
"1776",2
"1777",21
"1778",4
"1779",25
"1780",16
"1781",3
"1782",18
"1783",22
"1784",24
"1785",3
"1786",25
"1787",21
"1788",4
"1789",1
"1790",13
"1791",25
"1792",22
"1793",2
"1794",2
"1795",14
"1796",25
"1797",16
"1798",2
"1799",24
"1800",2
"1801",9
"1802",21
"1803",8
"1804",20
"1805",3
"1806",5
"1807",25
"1808",20
"1809",16
"1810",7
"1811",2
"1812",22
"1813",10
"1814",8
"1815",2
"1816",14
"1817",18
"1818",3
"1819",24
"1820",23
"1821",25
"1822",20
"1823",25
"1824",2
"1825",25
"1826",25
"1827",3
"1828",1
"1829",1
"1830",25
"1831",16
"1832",3
"1833",23
"1834",9
"1835",2
"1836",25
"1837",6
"1838",25
"1839",5
"1840",1
"1841",15
"1842",10
"1843",9
"1844",2
"1845",22
"1846",14
"1847",19
"1848",20
"1849",1
"1850",4
"1851",24
"1852",1
"1853",1
"1854",10
"1855",25
"1856",3
"1857",24
"1858",2
"1859",1
"1860",4
"1861",2
"1862",15
"1863",11
"1864",10
"1865",25
"1866",25
"1867",3
"1868",2
"1869",25
"1870",17
"1871",23
"1872",4
"1873",25
"1874",25
"1875",4
"1876",2
"1877",2
"1878",3
"1879",1
"1880",4
"1881",2
"1882",2
"1883",3
"1884",24
"1885",3
"1886",25
"1887",25
"1888",8
"1889",24
"1890",21
"1891",9
"1892",1
"1893",2
"1894",22
"1895",3
"1896",2
"1897",8
"1898",25
"1899",25
"1900",24
"1901",8
"1902",8
"1903",6
"1904",25
"1905",3
"1906",15
"1907",10
"1908",2
"1909",24
"1910",2
"1911",2
"1912",23
"1913",22
"1914",25
"1915",16
"1916",3
"1917",25
"1918",3
"1919",2
"1920",3
"1921",10
"1922",25
"1923",24
"1924",24
"1925",25
"1926",15
"1927",5
"1928",24
"1929",5
"1930",18
"1931",4
"1932",2
"1933",19
"1934",2
"1935",10
"1936",24
"1937",1
"1938",23
"1939",3
"1940",1
"1941",18
"1942",3
"1943",13
"1944",1
"1945",18
"1946",3
"1947",2
"1948",2
"1949",6
"1950",11
"1951",25
"1952",8
"1953",3
"1954",2
"1955",9
"1956",24
"1957",22
"1958",8
"1959",2
"1960",12
"1961",2
"1962",18
"1963",10
"1964",25
"1965",15
"1966",2
"1967",25
"1968",25
"1969",2
"1970",11
"1971",25
"1972",13
"1973",2
"1974",10
"1975",2
"1976",2
"1977",3
"1978",9
"1979",3
"1980",22
"1981",2
"1982",4
"1983",2
"1984",17
"1985",9
"1986",2
"1987",2
"1988",2
"1989",8
"1990",16
"1991",24
"1992",10
"1993",10
"1994",24
"1995",20
"1996",1
"1997",3
"1998",25
"1999",4
"2000",24
"2001",14
"2002",19
"2003",2
"2004",24
"2005",8
"2006",6
"2007",1
"2008",6
"2009",2
"2010",3
"2011",3
"2012",25
"2013",25
"2014",17
"2015",19
"2016",7
"2017",2
"2018",8
"2019",19
"2020",25
"2021",23
"2022",22
"2023",1
"2024",24
"2025",3
"2026",3
"2027",23
"2028",3
"2029",16
"2030",24
"2031",1
"2032",15
"2033",25
"2034",2
"2035",3
"2036",13
"2037",20
"2038",20
"2039",19
"2040",3
"2041",2
"2042",8
"2043",16
"2044",10
"2045",2
"2046",25
"2047",16
"2048",2
"2049",3
"2050",24
"2051",11
"2052",1
"2053",25
"2054",25
"2055",2
"2056",3
"2057",25
"2058",10
"2059",2
"2060",25
"2061",2
"2062",25
"2063",3
"2064",2
"2065",19
"2066",25
"2067",2
"2068",8
"2069",25
"2070",16
"2071",25
"2072",2
"2073",21
"2074",2
"2075",4
"2076",25
"2077",21
"2078",3
"2079",25
"2080",4
"2081",14
"2082",15
"2083",25
"2084",25
"2085",4
"2086",2
"2087",24
"2088",24
"2089",2
"2090",25
"2091",2
"2092",20
"2093",15
"2094",2
"2095",2
"2096",2
"2097",25
"2098",22
"2099",2
"2100",8
"2101",25
"2102",23
"2103",4
"2104",3
"2105",2
"2106",2
"2107",2
"2108",1
"2109",1
"2110",18
"2111",3
"2112",3
"2113",25
"2114",24
"2115",25
"2116",2
"2117",24
"2118",2
"2119",2
"2120",25
"2121",3
"2122",1
"2123",2
"2124",2
"2125",20
"2126",14
"2127",10
"2128",8
"2129",2
"2130",17
"2131",19
"2132",2
"2133",24
"2134",19
"2135",3
"2136",1
"2137",2
"2138",24
"2139",1
"2140",17
"2141",20
"2142",5
"2143",25
"2144",4
"2145",3
"2146",10
"2147",24
"2148",25
"2149",19
"2150",16
"2151",22
"2152",16
"2153",1
"2154",3
"2155",4
"2156",24
"2157",3
"2158",2
"2159",10
"2160",3
"2161",25
"2162",24
"2163",8
"2164",9
"2165",25
"2166",24
"2167",19
"2168",25
"2169",25
"2170",22
"2171",24
"2172",25
"2173",24
"2174",3
"2175",15
"2176",20
"2177",16
"2178",25
"2179",25
"2180",3
"2181",25
"2182",2
"2183",2
"2184",25
"2185",25
"2186",25
"2187",2
"2188",2
"2189",25
"2190",19
"2191",3
"2192",3
"2193",25
"2194",3
"2195",2
"2196",18
"2197",9
"2198",3
"2199",25
"2200",4
"2201",4
"2202",15
"2203",4
"2204",16
"2205",18
"2206",25
"2207",24
"2208",3
"2209",16
"2210",2
"2211",3
"2212",24
"2213",24
"2214",10
"2215",11
"2216",24
"2217",4
"2218",24
"2219",21
"2220",24
"2221",2
"2222",23
"2223",2
"2224",24
"2225",15
"2226",1
"2227",9
"2228",10
"2229",24
"2230",2
"2231",6
"2232",2
"2233",18
"2234",24
"2235",24
"2236",1
"2237",4
"2238",14
"2239",3
"2240",2
"2241",12
"2242",25
"2243",25
"2244",10
"2245",2
"2246",20
"2247",13
"2248",18
"2249",2
"2250",24
"2251",25
"2252",21
"2253",25
"2254",3
"2255",25
"2256",1
"2257",25
"2258",2
"2259",3
"2260",2
"2261",3
"2262",2
"2263",3
"2264",1
"2265",8
"2266",20
"2267",25
"2268",25
"2269",3
"2270",24
"2271",4
"2272",24
"2273",10
"2274",14
"2275",9
"2276",25
"2277",24
"2278",22
"2279",2
"2280",25
"2281",6
"2282",2
"2283",8
"2284",2
"2285",23
"2286",23
"2287",20
"2288",23
"2289",2
"2290",5
"2291",14
"2292",1
"2293",3
"2294",9
"2295",9
"2296",3
"2297",25
"2298",5
"2299",25
"2300",24
"2301",5
"2302",25
"2303",3
"2304",24
"2305",16
"2306",3
"2307",21
"2308",3
"2309",25
"2310",22
"2311",2
"2312",24
"2313",3
"2314",20
"2315",17
"2316",20
"2317",2
"2318",25
"2319",3
"2320",3
"2321",24
"2322",24
"2323",22
"2324",25
"2325",24
"2326",25
"2327",3
"2328",15
"2329",8
"2330",22
"2331",1
"2332",7
"2333",2
"2334",25
"2335",4
"2336",25
"2337",3
"2338",10
"2339",14
"2340",3
"2341",24
"2342",17
"2343",24
"2344",25
"2345",10
"2346",25
"2347",3
"2348",11
"2349",19
"2350",3
"2351",16
"2352",12
"2353",2
"2354",1
"2355",10
"2356",25
"2357",8
"2358",24
"2359",1
"2360",3
"2361",25
"2362",3
"2363",12
"2364",4
"2365",23
"2366",19
"2367",2
"2368",24
"2369",19
"2370",24
"2371",2
"2372",17
"2373",3
"2374",25
"2375",23
"2376",25
"2377",3
"2378",2
"2379",2
"2380",25
"2381",2
"2382",22
"2383",15
"2384",20
"2385",25
"2386",14
"2387",9
"2388",24
"2389",25
"2390",24
"2391",2
"2392",3
"2393",9
"2394",10
"2395",9
"2396",11
"2397",24
"2398",20
"2399",2
"2400",3
"2401",25
"2402",2
"2403",1
"2404",25
"2405",25
"2406",24
"2407",2
"2408",25
"2409",2
"2410",2
"2411",2
"2412",9
"2413",17
"2414",3
"2415",16
"2416",9
"2417",3
"2418",15
"2419",24
"2420",24
"2421",1
"2422",25
"2423",25
"2424",9
"2425",1
"2426",25
"2427",3
"2428",24
"2429",3
"2430",7
"2431",18
"2432",25
"2433",24
"2434",25
"2435",3
"2436",11
"2437",10
"2438",10
"2439",20
"2440",2
"2441",25
"2442",24
"2443",22
"2444",17
"2445",3
"2446",2
"2447",2
"2448",25
"2449",14
"2450",23
"2451",2
"2452",22
"2453",16
"2454",1
"2455",20
"2456",16
"2457",16
"2458",24
"2459",25
"2460",24
"2461",7
"2462",10
"2463",24
"2464",4
"2465",10
"2466",23
"2467",22
"2468",10
"2469",16
"2470",2
"2471",2
"2472",16
"2473",4
"2474",24
"2475",9
"2476",2
"2477",1
"2478",24
"2479",1
"2480",19
"2481",5
"2482",21
"2483",3
"2484",24
"2485",25
"2486",25
"2487",15
"2488",24
"2489",25
"2490",10
"2491",23
"2492",24
"2493",2
"2494",20
"2495",25
"2496",23
"2497",3
"2498",2
"2499",3
"2500",25
"2501",3
"2502",2
"2503",16
"2504",8
"2505",3
"2506",4
"2507",25
"2508",17
"2509",1
"2510",1
"2511",9
"2512",3
"2513",12
"2514",25
"2515",4
"2516",2
"2517",10
"2518",2
"2519",19
"2520",19
"2521",17
"2522",2
"2523",10
"2524",12
"2525",25
"2526",20
"2527",25
"2528",2
"2529",15
"2530",15
"2531",2
"2532",10
"2533",3
"2534",1
"2535",3
"2536",21
"2537",4
"2538",24
"2539",11
"2540",7
"2541",24
"2542",2
"2543",1
"2544",25
"2545",25
"2546",1
"2547",25
"2548",2
"2549",16
"2550",24
"2551",25
"2552",1
"2553",16
"2554",25
"2555",15
"2556",24
"2557",21
"2558",15
"2559",19
"2560",3
"2561",10
"2562",5
"2563",25
"2564",8
"2565",2
"2566",2
"2567",25
"2568",24
"2569",4
"2570",9
"2571",19
"2572",1
"2573",2
"2574",24
"2575",2
"2576",25
"2577",21
"2578",16
"2579",9
"2580",3
"2581",25
"2582",3
"2583",25
"2584",20
"2585",21
"2586",20
"2587",11
"2588",2
"2589",8
"2590",24
"2591",25
"2592",20
"2593",18
"2594",1
"2595",25
"2596",21
"2597",3
"2598",10
"2599",20
"2600",19
"2601",15
"2602",19
"2603",25
"2604",18
"2605",2
"2606",25
"2607",2
"2608",25
"2609",4
"2610",8
"2611",20
"2612",18
"2613",8
"2614",3
"2615",2
"2616",4
"2617",25
"2618",18
"2619",2
"2620",25
"2621",21
"2622",25
"2623",7
"2624",6
"2625",2
"2626",2
"2627",16
"2628",5
"2629",17
"2630",24
"2631",25
"2632",22
"2633",22
"2634",24
"2635",2
"2636",19
"2637",25
"2638",16
"2639",21
"2640",24
"2641",15
"2642",2
"2643",9
"2644",25
"2645",2
"2646",24
"2647",25
"2648",22
"2649",1
"2650",2
"2651",25
"2652",20
"2653",18
"2654",17
"2655",7
"2656",19
"2657",5
"2658",24
"2659",20
"2660",2
"2661",25
"2662",25
"2663",17
"2664",25
"2665",17
"2666",24
"2667",3
"2668",19
"2669",3
"2670",2
"2671",3
"2672",10
"2673",2
"2674",15
"2675",25
"2676",19
"2677",24
"2678",1
"2679",17
"2680",4
"2681",10
"2682",10
"2683",25
"2684",20
"2685",1
"2686",2
"2687",25
"2688",2
"2689",20
"2690",20
"2691",3
"2692",3
"2693",10
"2694",3
"2695",3
"2696",3
"2697",2
"2698",2
"2699",25
"2700",25
"2701",2
"2702",2
"2703",25
"2704",9
"2705",4
"2706",16
"2707",24
"2708",8
"2709",2
"2710",1
"2711",10
"2712",25
"2713",25
"2714",16
"2715",24
"2716",25
"2717",25
"2718",25
"2719",4
"2720",25
"2721",25
"2722",3
"2723",10
"2724",8
"2725",12
"2726",25
"2727",20
"2728",18
"2729",25
"2730",5
"2731",24
"2732",2
"2733",24
"2734",2
"2735",20
"2736",22
"2737",24
"2738",2
"2739",7
"2740",3
"2741",24
"2742",15
"2743",7
"2744",3
"2745",9
"2746",2
"2747",25
"2748",2
"2749",25
"2750",2
"2751",7
"2752",25
"2753",3
"2754",4
"2755",3
"2756",18
"2757",25
"2758",16
"2759",25
"2760",25
"2761",11
"2762",25
"2763",14
"2764",11
"2765",25
"2766",19
"2767",2
"2768",2
"2769",2
"2770",24
"2771",24
"2772",20
"2773",2
"2774",20
"2775",25
"2776",2
"2777",18
"2778",20
"2779",24
"2780",20
"2781",20
"2782",1
"2783",8
"2784",9
"2785",16
"2786",15
"2787",25
"2788",25
"2789",11
"2790",5
"2791",22
"2792",25
"2793",1
"2794",3
"2795",17
"2796",2
"2797",2
"2798",25
"2799",3
"2800",17
"2801",1
"2802",10
"2803",8
"2804",2
"2805",2
"2806",3
"2807",24
"2808",19
"2809",2
"2810",16
"2811",24
"2812",24
"2813",25
"2814",17
"2815",2
"2816",4
"2817",20
"2818",1
"2819",25
"2820",18
"2821",24
"2822",25
"2823",18
"2824",11
"2825",25
"2826",22
"2827",25
"2828",4
"2829",25
"2830",2
"2831",25
"2832",21
"2833",4
"2834",7
"2835",1
"2836",9
"2837",2
"2838",24
"2839",3
"2840",3
"2841",2
"2842",20
"2843",25
"2844",1
"2845",1
"2846",21
"2847",11
"2848",2
"2849",8
"2850",5
"2851",1
"2852",24
"2853",15
"2854",22
"2855",8
"2856",1
"2857",20
"2858",2
"2859",25
"2860",11
"2861",24
"2862",25
"2863",2
"2864",3
"2865",9
"2866",1
"2867",25
"2868",1
"2869",2
"2870",25
"2871",2
"2872",25
"2873",1
"2874",1
"2875",3
"2876",21
"2877",3
"2878",2
"2879",25
"2880",1
"2881",11
"2882",15
"2883",25
"2884",3
"2885",4
"2886",1
"2887",25
"2888",9
"2889",25
"2890",22
"2891",15
"2892",20
"2893",25
"2894",9
"2895",20
"2896",25
"2897",15
"2898",25
"2899",2
"2900",25
"2901",23
"2902",2
"2903",5
"2904",17
"2905",24
"2906",3
"2907",9
"2908",4
"2909",14
"2910",10
"2911",25
"2912",25
"2913",2
"2914",15
"2915",24
"2916",25
"2917",25
"2918",3
"2919",24
"2920",25
"2921",18
"2922",25
"2923",1
"2924",10
"2925",4
"2926",2
"2927",13
"2928",25
"2929",17
"2930",1
"2931",17
"2932",17
"2933",14
"2934",25
"2935",20
"2936",18
"2937",3
"2938",3
"2939",2
"2940",8
"2941",25
"2942",25
"2943",4
"2944",25
"2945",19
"2946",25
"2947",25
"2948",25
"2949",24
"2950",12
"2951",24
"2952",25
"2953",3
"2954",25
"2955",25
"2956",23
"2957",20
"2958",2
"2959",17
"2960",18
"2961",2
"2962",10
"2963",17
"2964",24
"2965",21
"2966",3
"2967",23
"2968",24
"2969",2
"2970",2
"2971",24
"2972",25
"2973",17
"2974",20
"2975",24
"2976",14
"2977",3
"2978",1
"2979",18
"2980",2
"2981",19
"2982",25
"2983",1
"2984",19
"2985",3
"2986",19
"2987",3
"2988",4
"2989",21
"2990",18
"2991",2
"2992",25
"2993",2
"2994",20
"2995",17
"2996",4
"2997",21
"2998",22
"2999",2
"3000",2
"3001",9
"3002",25
"3003",10
"3004",1
"3005",17
"3006",1
"3007",19
"3008",23
"3009",2
"3010",20
"3011",9
"3012",24
"3013",6
"3014",25
"3015",25
"3016",9
"3017",2
"3018",25
"3019",15
"3020",14
"3021",2
"3022",24
"3023",22
"3024",18
"3025",8
"3026",2
"3027",8
"3028",16
"3029",24
"3030",8
"3031",3
"3032",10
"3033",10
"3034",4
"3035",22
"3036",1
"3037",13
"3038",3
"3039",3
"3040",9
"3041",25
"3042",25
"3043",4
"3044",10
"3045",25
"3046",24
"3047",2
"3048",3
"3049",24
"3050",25
"3051",25
"3052",3
"3053",19
"3054",3
"3055",17
"3056",24
"3057",25
"3058",2
"3059",3
"3060",11
"3061",24
"3062",1
"3063",5
"3064",24
"3065",11
"3066",24
"3067",2
"3068",25
"3069",20
"3070",15
"3071",1
"3072",24
"3073",24
"3074",3
"3075",4
"3076",22
"3077",3
"3078",23
"3079",25
"3080",25
"3081",24
"3082",15
"3083",21
"3084",21
"3085",3
"3086",2
"3087",3
"3088",3
"3089",3
"3090",2
"3091",25
"3092",25
"3093",10
"3094",3
"3095",24
"3096",24
"3097",3
"3098",2
"3099",17
"3100",2
"3101",1
"3102",23
"3103",23
"3104",11
"3105",2
"3106",21
"3107",20
"3108",15
"3109",2
"3110",3
"3111",25
"3112",15
"3113",2
"3114",2
"3115",1
"3116",24
"3117",23
"3118",2
"3119",2
"3120",24
"3121",15
"3122",19
"3123",2
"3124",8
"3125",17
"3126",24
"3127",1
"3128",4
"3129",24
"3130",1
"3131",2
"3132",25
"3133",10
"3134",25
"3135",19
"3136",25
"3137",23
"3138",25
"3139",5
"3140",11
"3141",24
"3142",19
"3143",3
"3144",4
"3145",9
"3146",16
"3147",12
"3148",25
"3149",3
"3150",5
"3151",24
"3152",1
"3153",20
"3154",25
"3155",25
"3156",2
"3157",4
"3158",25
"3159",3
"3160",23
"3161",4
"3162",19
"3163",22
"3164",21
"3165",25
"3166",2
"3167",3
"3168",3
"3169",3
"3170",25
"3171",3
"3172",24
"3173",22
"3174",1
"3175",25
"3176",24
"3177",23
"3178",22
"3179",22
"3180",2
"3181",8
"3182",1
"3183",8
"3184",23
"3185",16
"3186",16
"3187",2
"3188",25
"3189",2
"3190",21
"3191",16
"3192",25
"3193",17
"3194",23
"3195",25
"3196",2
"3197",25
"3198",1
"3199",2
"3200",2
"3201",19
"3202",16
"3203",24
"3204",7
"3205",24
"3206",24
"3207",16
"3208",1
"3209",25
"3210",25
"3211",1
"3212",2
"3213",20
"3214",25
"3215",25
"3216",22
"3217",23
"3218",2
"3219",25
"3220",12
"3221",12
"3222",1
"3223",2
"3224",25
"3225",25
"3226",2
"3227",25
"3228",3
"3229",11
"3230",2
"3231",1
"3232",15
"3233",24
"3234",25
"3235",9
"3236",18
"3237",19
"3238",25
"3239",2
"3240",1
"3241",25
"3242",2
"3243",2
"3244",19
"3245",19
"3246",1
"3247",3
"3248",1
"3249",25
"3250",7
"3251",3
"3252",19
"3253",1
"3254",11
"3255",22
"3256",10
"3257",25
"3258",24
"3259",15
"3260",2
"3261",9
"3262",25
"3263",25
"3264",4
"3265",25
"3266",25
"3267",3
"3268",2
"3269",25
"3270",25
"3271",25
"3272",19
"3273",22
"3274",25
"3275",8
"3276",19
"3277",14
"3278",19
"3279",1
"3280",23
"3281",10
"3282",2
"3283",2
"3284",18
"3285",19
"3286",11
"3287",9
"3288",21
"3289",25
"3290",21
"3291",23
"3292",25
"3293",25
"3294",2
"3295",16
"3296",1
"3297",15
"3298",2
"3299",3
"3300",15
"3301",24
"3302",16
"3303",3
"3304",10
"3305",24
"3306",2
"3307",25
"3308",3
"3309",3
"3310",4
"3311",16
"3312",17
"3313",3
"3314",3
"3315",25
"3316",24
"3317",16
"3318",24
"3319",19
"3320",5
"3321",1
"3322",3
"3323",18
"3324",2
"3325",1
"3326",10
"3327",2
"3328",25
"3329",19
"3330",2
"3331",25
"3332",3
"3333",24
"3334",24
"3335",2
"3336",19
"3337",23
"3338",23
"3339",3
"3340",16
"3341",25
"3342",25
"3343",24
"3344",25
"3345",3
"3346",11
"3347",18
"3348",24
"3349",17
"3350",10
"3351",22
"3352",15
"3353",12
"3354",24
"3355",8
"3356",2
"3357",3
"3358",25
"3359",24
"3360",3
"3361",3
"3362",25
"3363",19
"3364",24
"3365",9
"3366",3
"3367",1
"3368",22
"3369",25
"3370",25
"3371",4
"3372",25
"3373",2
"3374",19
"3375",24
"3376",10
"3377",11
"3378",16
"3379",20
"3380",25
"3381",2
"3382",17
"3383",8
"3384",10
"3385",2
"3386",24
"3387",13
"3388",19
"3389",20
"3390",2
"3391",1
"3392",25
"3393",22
"3394",3
"3395",11
"3396",3
"3397",24
"3398",25
"3399",16
"3400",1
"3401",22
"3402",3
"3403",18
"3404",24
"3405",2
"3406",24
"3407",3
"3408",2
"3409",9
"3410",5
"3411",7
"3412",23
"3413",15
"3414",24
"3415",11
"3416",25
"3417",3
"3418",25
"3419",24
"3420",1
"3421",2
"3422",25
"3423",25
"3424",25
"3425",21
"3426",3
"3427",25
"3428",24
"3429",25
"3430",24
"3431",4
"3432",2
"3433",17
"3434",24
"3435",9
"3436",15
"3437",25
"3438",1
"3439",15
"3440",15
"3441",25
"3442",23
"3443",25
"3444",25
"3445",25
"3446",24
"3447",18
"3448",2
"3449",3
"3450",16
"3451",17
"3452",25
"3453",25
"3454",18
"3455",18
"3456",24
"3457",19
"3458",25
"3459",19
"3460",10
"3461",2
"3462",16
"3463",16
"3464",3
"3465",16
"3466",19
"3467",12
"3468",7
"3469",3
"3470",16
"3471",1
"3472",15
"3473",24
"3474",16
"3475",10
"3476",25
"3477",24
"3478",25
"3479",2
"3480",11
"3481",23
"3482",16
"3483",18
"3484",25
"3485",19
"3486",20
"3487",18
"3488",24
"3489",7
"3490",3
"3491",17
"3492",17
"3493",16
"3494",2
"3495",5
"3496",1
"3497",3
"3498",20
"3499",24
"3500",1
"3501",9
"3502",15
"3503",22
"3504",20
"3505",24
"3506",25
"3507",18
"3508",17
"3509",8
"3510",25
"3511",17
"3512",24
"3513",16
"3514",1
"3515",3
"3516",25
"3517",1
"3518",3
"3519",24
"3520",3
"3521",25
"3522",19
"3523",20
"3524",25
"3525",3
"3526",24
"3527",2
"3528",19
"3529",24
"3530",25
"3531",18
"3532",18
"3533",20
"3534",24
"3535",19
"3536",24
"3537",22
"3538",10
"3539",16
"3540",25
"3541",21
"3542",25
"3543",20
"3544",1
"3545",20
"3546",21
"3547",25
"3548",21
"3549",16
"3550",19
"3551",4
"3552",2
"3553",21
"3554",25
"3555",9
"3556",25
"3557",24
"3558",2
"3559",20
"3560",16
"3561",24
"3562",25
"3563",24
"3564",14
"3565",2
"3566",22
"3567",25
"3568",15
"3569",2
"3570",4
"3571",2
"3572",25
"3573",3
"3574",2
"3575",21
"3576",2
"3577",18
"3578",25
"3579",25
"3580",19
"3581",19
"3582",3
"3583",2
"3584",24
"3585",3
"3586",3
"3587",10
"3588",19
"3589",3
"3590",24
"3591",11
"3592",20
"3593",21
"3594",3
"3595",20
"3596",24
"3597",25
"3598",2
"3599",23
"3600",21
"3601",22
"3602",25
"3603",2
"3604",3
"3605",25
"3606",10
"3607",24
"3608",17
"3609",2
"3610",22
"3611",25
"3612",4
"3613",2
"3614",15
"3615",25
"3616",25
"3617",11
"3618",23
"3619",12
"3620",19
"3621",1
"3622",25
"3623",2
"3624",23
"3625",12
"3626",12
"3627",24
"3628",17
"3629",24
"3630",3
"3631",5
"3632",23
"3633",25
"3634",20
"3635",25
"3636",2
"3637",25
"3638",20
"3639",24
"3640",17
"3641",25
"3642",23
"3643",3
"3644",25
"3645",19
"3646",25
"3647",3
"3648",21
"3649",2
"3650",2
"3651",3
"3652",1
"3653",2
"3654",18
"3655",1
"3656",9
"3657",25
"3658",22
"3659",3
"3660",16
"3661",10
"3662",25
"3663",2
"3664",20
"3665",3
"3666",21
"3667",3
"3668",3
"3669",15
"3670",24
"3671",25
"3672",24
"3673",16
"3674",24
"3675",25
"3676",2
"3677",25
"3678",25
"3679",22
"3680",20
"3681",2
"3682",12
"3683",10
"3684",25
"3685",24
"3686",25
"3687",24
"3688",7
"3689",5
"3690",16
"3691",24
"3692",25
"3693",20
"3694",21
"3695",24
"3696",16
"3697",15
"3698",11
"3699",25
"3700",8
"3701",3
"3702",20
"3703",25
"3704",25
"3705",24
"3706",2
"3707",3
"3708",25
"3709",1
"3710",14
"3711",5
"3712",20
"3713",14
"3714",19
"3715",17
"3716",21
"3717",2
"3718",25
"3719",11
"3720",14
"3721",18
"3722",24
"3723",23
"3724",19
"3725",17
"3726",3
"3727",11
"3728",12
"3729",9
"3730",17
"3731",24
"3732",25
"3733",20
"3734",24
"3735",2
"3736",11
"3737",25
"3738",25
"3739",1
"3740",25
"3741",15
"3742",11
"3743",22
"3744",3
"3745",2
"3746",24
"3747",2
"3748",24
"3749",2
"3750",11
"3751",2
"3752",25
"3753",19
"3754",24
"3755",1
"3756",24
"3757",25
"3758",24
"3759",1
"3760",25
"3761",2
"3762",25
"3763",15
"3764",20
"3765",23
"3766",24
"3767",24
"3768",15
"3769",4
"3770",3
"3771",22
"3772",3
"3773",17
"3774",10
"3775",4
"3776",14
"3777",8
"3778",17
"3779",24
"3780",2
"3781",24
"3782",20
"3783",18
"3784",12
"3785",16
"3786",25
"3787",16
"3788",24
"3789",10
"3790",1
"3791",25
"3792",1
"3793",25
"3794",7
"3795",23
"3796",19
"3797",4
"3798",17
"3799",19
"3800",24
"3801",2
"3802",1
"3803",19
"3804",2
"3805",2
"3806",20
"3807",3
"3808",2
"3809",16
"3810",24
"3811",3
"3812",24
"3813",10
"3814",3
"3815",24
"3816",24
"3817",1
"3818",8
"3819",24
"3820",2
"3821",18
"3822",25
"3823",16
"3824",3
"3825",3
"3826",22
"3827",25
"3828",24
"3829",11
"3830",20
"3831",19
"3832",8
"3833",24
"3834",3
"3835",2
"3836",19
"3837",10
"3838",15
"3839",16
"3840",22
"3841",20
"3842",14
"3843",22
"3844",4
"3845",14
"3846",25
"3847",25
"3848",24
"3849",2
"3850",2
"3851",9
"3852",2
"3853",22
"3854",25
"3855",6
"3856",19
"3857",20
"3858",25
"3859",3
"3860",16
"3861",3
"3862",2
"3863",24
"3864",21
"3865",6
"3866",25
"3867",3
"3868",4
"3869",12
"3870",2
"3871",20
"3872",19
"3873",25
"3874",11
"3875",14
"3876",10
"3877",3
"3878",9
"3879",3
"3880",1
"3881",1
"3882",21
"3883",25
"3884",20
"3885",24
"3886",1
"3887",25
"3888",19
"3889",8
"3890",7
"3891",17
"3892",1
"3893",24
"3894",15
"3895",16
"3896",13
"3897",25
"3898",25
"3899",10
"3900",10
"3901",18
"3902",25
"3903",23
"3904",8
"3905",23
"3906",25
"3907",2
"3908",12
"3909",22
"3910",2
"3911",20
"3912",5
"3913",19
"3914",15
"3915",3
"3916",22
"3917",1
"3918",9
"3919",15
"3920",2
"3921",24
"3922",3
"3923",24
"3924",19
"3925",20
"3926",25
"3927",25
"3928",20
"3929",21
"3930",19
"3931",3
"3932",22
"3933",2
"3934",24
"3935",1
"3936",25
"3937",5
"3938",2
"3939",16
"3940",2
"3941",2
"3942",25
"3943",3
"3944",2
"3945",15
"3946",2
"3947",19
"3948",19
"3949",2
"3950",20
"3951",2
"3952",24
"3953",6
"3954",24
"3955",19
"3956",20
"3957",17
"3958",23
"3959",17
"3960",19
"3961",2
"3962",25
"3963",21
"3964",15
"3965",8
"3966",14
"3967",18
"3968",4
"3969",3
"3970",2
"3971",17
"3972",2
"3973",19
"3974",23
"3975",17
"3976",20
"3977",25
"3978",3
"3979",23
"3980",3
"3981",20
"3982",24
"3983",15
"3984",24
"3985",2
"3986",3
"3987",11
"3988",24
"3989",25
"3990",25
"3991",20
"3992",6
"3993",16
"3994",15
"3995",25
"3996",17
"3997",21
"3998",19
"3999",19
"4000",25
"4001",20
"4002",7
"4003",25
"4004",24
"4005",2
"4006",2
"4007",3
"4008",20
"4009",14
"4010",25
"4011",3
"4012",9
"4013",23
"4014",24
"4015",25
"4016",25
"4017",18
"4018",2
"4019",4
"4020",1
"4021",25
"4022",25
"4023",16
"4024",21
"4025",25
"4026",2
"4027",2
"4028",21
"4029",9
"4030",24
"4031",24
"4032",1
"4033",11
"4034",3
"4035",24
"4036",10
"4037",2
"4038",19
"4039",9
"4040",3
"4041",1
"4042",19
"4043",13
"4044",23
"4045",19
"4046",21
"4047",2
"4048",25
"4049",25
"4050",25
"4051",25
"4052",2
"4053",9
"4054",24
"4055",23
"4056",2
"4057",24
"4058",20
"4059",25
"4060",1
"4061",24
"4062",24
"4063",20
"4064",12
"4065",16
"4066",2
"4067",2
"4068",7
"4069",24
"4070",24
"4071",5
"4072",3
"4073",1
"4074",2
"4075",25
"4076",25
"4077",1
"4078",1
"4079",10
"4080",20
"4081",25
"4082",25
"4083",10
"4084",18
"4085",19
"4086",3
"4087",25
"4088",22
"4089",17
"4090",19
"4091",4
"4092",16
"4093",4
"4094",22
"4095",10
"4096",25
"4097",25
"4098",2
"4099",21
"4100",17
"4101",18
"4102",1
"4103",8
"4104",24
"4105",2
"4106",1
"4107",13
"4108",16
"4109",19
"4110",24
"4111",3
"4112",17
"4113",25
"4114",24
"4115",25
"4116",2
"4117",24
"4118",8
"4119",25
"4120",18
"4121",14
"4122",7
"4123",3
"4124",20
"4125",25
"4126",2
"4127",2
"4128",2
"4129",3
"4130",2
"4131",18
"4132",3
"4133",20
"4134",2
"4135",2
"4136",19
"4137",25
"4138",20
"4139",20
"4140",2
"4141",1
"4142",18
"4143",25
"4144",2
"4145",2
"4146",1
"4147",25
"4148",3
"4149",24
"4150",2
"4151",21
"4152",2
"4153",25
"4154",1
"4155",24
"4156",16
"4157",25
"4158",16
"4159",3
"4160",25
"4161",9
"4162",10
"4163",18
"4164",25
"4165",23
"4166",12
"4167",14
"4168",25
"4169",19
"4170",16
"4171",25
"4172",7
"4173",17
"4174",9
"4175",3
"4176",10
"4177",4
"4178",19
"4179",25
"4180",10
"4181",25
"4182",24
"4183",11
"4184",22
"4185",20
"4186",6
"4187",22
"4188",17
"4189",2
"4190",3
"4191",3
"4192",17
"4193",16
"4194",22
"4195",25
"4196",1
"4197",8
"4198",2
"4199",2
"4200",3
"4201",14
"4202",2
"4203",2
"4204",20
"4205",25
"4206",2
"4207",19
"4208",24
"4209",20
"4210",15
"4211",19
"4212",24
"4213",25
"4214",22
"4215",3
"4216",25
"4217",25
"4218",19
"4219",3
"4220",2
"4221",25
"4222",24
"4223",25
"4224",24
"4225",22
"4226",25
"4227",21
"4228",3
"4229",19
"4230",25
"4231",11
"4232",25
"4233",15
"4234",25
"4235",21
"4236",24
"4237",2
"4238",21
"4239",25
"4240",19
"4241",17
"4242",20
"4243",17
"4244",1
"4245",16
"4246",1
"4247",4
"4248",3
"4249",23
"4250",24
"4251",25
"4252",2
"4253",10
"4254",25
"4255",2
"4256",9
"4257",2
"4258",17
"4259",20
"4260",24
"4261",20
"4262",20
"4263",9
"4264",3
"4265",1
"4266",19
"4267",3
"4268",19
"4269",19
"4270",17
"4271",20
"4272",16
"4273",1
"4274",25
"4275",11
"4276",24
"4277",20
"4278",20
"4279",1
"4280",15
"4281",16
"4282",16
"4283",17
"4284",9
"4285",23
"4286",13
"4287",22
"4288",22
"4289",16
"4290",6
"4291",22
"4292",9
"4293",11
"4294",10
"4295",1
"4296",19
"4297",25
"4298",23
"4299",2
"4300",16
"4301",25
"4302",25
"4303",25
"4304",8
"4305",10
"4306",11
"4307",21
"4308",2
"4309",11
"4310",19
"4311",25
"4312",25
"4313",24
"4314",3
"4315",17
"4316",2
"4317",2
"4318",25
"4319",25
"4320",4
"4321",25
"4322",19
"4323",2
"4324",7
"4325",10
"4326",15
"4327",24
"4328",24
"4329",17
"4330",20
"4331",19
"4332",25
"4333",3
"4334",20
"4335",17
"4336",4
"4337",25
"4338",25
"4339",4
"4340",15
"4341",24
"4342",20
"4343",25
"4344",22
"4345",4
"4346",24
"4347",20
"4348",20
"4349",25
"4350",3
"4351",17
"4352",24
"4353",2
"4354",24
"4355",25
"4356",19
"4357",1
"4358",3
"4359",22
"4360",25
"4361",2
"4362",16
"4363",7
"4364",19
"4365",23
"4366",24
"4367",19
"4368",20
"4369",24
"4370",1
"4371",2
"4372",25
"4373",25
"4374",16
"4375",16
"4376",1
"4377",24
"4378",2
"4379",25
"4380",25
"4381",14
"4382",25
"4383",9
"4384",11
"4385",11
"4386",2
"4387",2
"4388",1
"4389",3
"4390",25
"4391",25
"4392",20
"4393",15
"4394",1
"4395",25
"4396",7
"4397",2
"4398",18
"4399",2
"4400",11
"4401",2
"4402",25
"4403",25
"4404",19
"4405",1
"4406",17
"4407",24
"4408",25
"4409",16
"4410",13
"4411",17
"4412",24
"4413",21
"4414",18
"4415",3
"4416",3
"4417",4
"4418",24
"4419",16
"4420",18
"4421",2
"4422",24
"4423",25
"4424",1
"4425",16
"4426",19
"4427",15
"4428",16
"4429",25
"4430",25
"4431",22
"4432",10
"4433",23
"4434",24
"4435",22
"4436",24
"4437",11
"4438",25
"4439",10
"4440",25
"4441",2
"4442",25
"4443",24
"4444",25
"4445",24
"4446",2
"4447",16
"4448",2
"4449",19
"4450",23
"4451",22
"4452",18
"4453",18
"4454",15
"4455",23
"4456",15
"4457",25
"4458",16
"4459",16
"4460",25
"4461",20
"4462",15
"4463",3
"4464",17
"4465",15
"4466",2
"4467",25
"4468",2
"4469",12
"4470",16
"4471",24
"4472",3
"4473",19
"4474",7
"4475",19
"4476",20
"4477",25
"4478",10
"4479",24
"4480",11
"4481",18
"4482",19
"4483",21
"4484",23
"4485",24
"4486",16
"4487",25
"4488",16
"4489",24
"4490",25
"4491",24
"4492",25
"4493",1
"4494",5
"4495",25
"4496",20
"4497",1
"4498",24
"4499",20
"4500",15
"4501",20
"4502",10
"4503",22
"4504",25
"4505",2
"4506",6
"4507",24
"4508",8
"4509",2
"4510",22
"4511",20
"4512",23
"4513",14
"4514",15
"4515",17
"4516",25
"4517",17
"4518",2
"4519",3
"4520",3
"4521",2
"4522",9
"4523",7
"4524",1
"4525",25
"4526",21
"4527",20
"4528",8
"4529",16
"4530",25
"4531",19
"4532",17
"4533",15
"4534",16
"4535",11
"4536",24
"4537",13
"4538",21
"4539",20
"4540",19
"4541",20
"4542",20
"4543",10
"4544",5
"4545",25
"4546",15
"4547",25
"4548",25
"4549",15
"4550",2
"4551",15
"4552",24
"4553",3
"4554",16
"4555",17
"4556",11
"4557",17
"4558",7
"4559",1
"4560",10
"4561",24
"4562",2
"4563",3
"4564",14
"4565",15
"4566",2
"4567",1
"4568",24
"4569",22
"4570",16
"4571",6
"4572",25
"4573",11
"4574",24
"4575",24
"4576",19
"4577",21
"4578",22
"4579",10
"4580",25
"4581",22
"4582",9
"4583",25
"4584",3
"4585",25
"4586",23
"4587",25
"4588",3
"4589",18
"4590",25
"4591",25
"4592",25
"4593",1
"4594",19
"4595",20
"4596",3
"4597",2
"4598",23
"4599",25
"4600",2
"4601",24
"4602",25
"4603",1
"4604",14
"4605",25
"4606",11
"4607",20
"4608",25
"4609",15
"4610",20
"4611",25
"4612",24
"4613",24
"4614",3
"4615",20
"4616",11
"4617",3
"4618",11
"4619",18
"4620",18
"4621",14
"4622",9
"4623",25
"4624",10
"4625",20
"4626",17
"4627",2
"4628",25
"4629",22
"4630",2
"4631",20
"4632",2
"4633",10
"4634",19
"4635",22
"4636",22
"4637",3
"4638",9
"4639",2
"4640",2
"4641",21
"4642",9
"4643",25
"4644",3
"4645",20
"4646",20
"4647",2
"4648",15
"4649",15
"4650",25
"4651",1
"4652",16
"4653",16
"4654",2
"4655",20
"4656",20
"4657",19
"4658",25
"4659",1
"4660",19
"4661",9
"4662",5
"4663",8
"4664",21
"4665",20
"4666",18
"4667",25
"4668",1
"4669",18
"4670",24
"4671",1
"4672",21
"4673",19
"4674",1
"4675",1
"4676",21
"4677",21
"4678",1
"4679",16
"4680",4
"4681",18
"4682",13
"4683",9
"4684",15
"4685",25
"4686",25
"4687",11
"4688",19
"4689",25
"4690",25
"4691",25
"4692",16
"4693",16
"4694",11
"4695",24
"4696",15
"4697",25
"4698",3
"4699",19
"4700",25
"4701",25
"4702",15
"4703",17
"4704",3
"4705",18
"4706",12
"4707",9
"4708",15
"4709",19
"4710",2
"4711",17
"4712",18
"4713",20
"4714",22
"4715",17
"4716",15
"4717",19
"4718",22
"4719",18
"4720",16
"4721",2
"4722",20
"4723",12
"4724",23
"4725",9
"4726",7
"4727",16
"4728",25
"4729",2
"4730",15
"4731",9
"4732",23
"4733",16
"4734",19
"4735",25
"4736",15
"4737",7
"4738",25
"4739",3
"4740",10
"4741",3
"4742",21
"4743",22
"4744",9
"4745",24
"4746",25
"4747",1
"4748",2
"4749",18
"4750",19
"4751",5
"4752",2
"4753",19
"4754",5
"4755",25
"4756",17
"4757",12
"4758",25
"4759",17
"4760",24
"4761",25
"4762",12
"4763",22
"4764",19
"4765",18
"4766",17
"4767",6
"4768",17
"4769",18
"4770",25
"4771",25
"4772",25
"4773",25
"4774",18
"4775",3
"4776",20
"4777",23
"4778",3
"4779",25
"4780",24
"4781",25
"4782",2
"4783",23
"4784",4
"4785",20
"4786",15
"4787",1
"4788",20
"4789",12
"4790",19
"4791",17
"4792",8
"4793",16
"4794",25
"4795",22
"4796",25
"4797",5
"4798",23
"4799",10
"4800",2
"4801",14
"4802",4
"4803",11
"4804",17
"4805",15
"4806",25
"4807",17
"4808",25
"4809",2
"4810",7
"4811",17
"4812",24
"4813",15
"4814",20
"4815",2
"4816",1
"4817",25
"4818",5
"4819",4
"4820",1
"4821",1
"4822",20
"4823",25
"4824",23
"4825",1
"4826",11
"4827",23
"4828",20
"4829",10
"4830",18
"4831",23
"4832",24
"4833",19
"4834",15
"4835",17
"4836",19
"4837",24
"4838",21
"4839",19
"4840",2
"4841",20
"4842",20
"4843",17
"4844",6
"4845",25
"4846",2
"4847",25
"4848",2
"4849",17
"4850",4
"4851",10
"4852",25
"4853",25
"4854",14
"4855",20
"4856",20
"4857",7
"4858",22
"4859",19
"4860",20
"4861",25
"4862",25
"4863",14
"4864",16
"4865",24
"4866",19
"4867",22
"4868",21
"4869",2
"4870",16
"4871",18
"4872",24
"4873",18
"4874",19
"4875",24
"4876",17
"4877",25
"4878",25
"4879",25
"4880",23
"4881",19
"4882",21
"4883",24
"4884",25
"4885",14
"4886",14
"4887",25
"4888",20
"4889",22
"4890",15
"4891",3
"4892",25
"4893",20
"4894",11
"4895",17
"4896",25
"4897",21
"4898",1
"4899",22
"4900",21
"4901",2
"4902",25
"4903",2
"4904",21
"4905",11
"4906",24
"4907",3
"4908",13
"4909",25
"4910",25
"4911",25
"4912",13
"4913",25
"4914",4
"4915",25
"4916",25
"4917",25
"4918",21
"4919",25
"4920",12
"4921",10
"4922",25
"4923",25
"4924",17
"4925",15
"4926",2
"4927",24
"4928",3
"4929",2
"4930",23
"4931",15
"4932",24
"4933",25
"4934",16
"4935",24
"4936",9
"4937",24
"4938",15
"4939",20
"4940",25
"4941",2
"4942",2
"4943",17
"4944",24
"4945",3
"4946",19
"4947",20
"4948",10
"4949",23
"4950",7
"4951",5
"4952",24
"4953",2
"4954",6
"4955",18
"4956",16
"4957",25
"4958",11
"4959",19
"4960",23
"4961",10
"4962",21
"4963",7
"4964",2
"4965",15
"4966",20
"4967",19
"4968",24
"4969",10
"4970",17
"4971",17
"4972",16
"4973",2
"4974",20
"4975",25
"4976",24
"4977",10
"4978",11
"4979",8
"4980",11
"4981",16
"4982",3
"4983",19
"4984",24
"4985",19
"4986",2
"4987",23
"4988",19
"4989",17
"4990",21
"4991",24
"4992",8
"4993",20
"4994",25
"4995",3
"4996",2
"4997",25
"4998",25
"4999",1
"5000",25
"5001",25
"5002",1
"5003",3
"5004",25
"5005",3
"5006",9
"5007",2
"5008",25
"5009",3
"5010",4
"5011",25
"5012",19
"5013",4
"5014",2
"5015",24
"5016",1
"5017",24
"5018",16
"5019",20
"5020",25
"5021",25
"5022",25
"5023",2
"5024",16
"5025",25
"5026",15
"5027",16
"5028",25
"5029",24
"5030",3
"5031",19
"5032",11
"5033",1
"5034",1
"5035",25
"5036",25
"5037",15
"5038",10
"5039",19
"5040",20
"5041",25
"5042",25
"5043",25
"5044",1
"5045",2
"5046",25
"5047",25
"5048",5
"5049",18
"5050",2
"5051",20
"5052",25
"5053",3
"5054",24
"5055",1
"5056",1
"5057",4
"5058",4
"5059",3
"5060",17
"5061",2
"5062",25
"5063",1
"5064",1
"5065",4
"5066",1
"5067",24
"5068",2
"5069",24
"5070",14
"5071",2
"5072",25
"5073",4
"5074",19
"5075",11
"5076",19
"5077",25
"5078",2
"5079",17
"5080",25
"5081",16
"5082",3
"5083",25
"5084",18
"5085",1
"5086",25
"5087",3
"5088",2
"5089",2
"5090",2
"5091",1
"5092",21
"5093",1
"5094",2
"5095",2
"5096",25
"5097",20
"5098",25
"5099",23
"5100",3
"5101",18
"5102",6
"5103",2
"5104",9
"5105",1
"5106",1
"5107",24
"5108",18
"5109",20
"5110",25
"5111",2
"5112",8
"5113",25
"5114",1
"5115",3
"5116",2
"5117",23
"5118",25
"5119",24
"5120",20
"5121",25
"5122",2
"5123",1
"5124",10
"5125",25
"5126",25
"5127",8
"5128",17
"5129",25
"5130",1
"5131",25
"5132",24
"5133",3
"5134",9
"5135",16
"5136",25
"5137",3
"5138",18
"5139",25
"5140",14
"5141",1
"5142",25
"5143",25
"5144",18
"5145",18
"5146",1
"5147",19
"5148",25
"5149",23
"5150",16
"5151",19
"5152",25
"5153",2
"5154",16
"5155",9
"5156",24
"5157",13
"5158",24
"5159",3
"5160",3
"5161",25
"5162",25
"5163",25
"5164",24
"5165",25
"5166",2
"5167",16
"5168",3
"5169",2
"5170",24
"5171",24
"5172",9
"5173",23
"5174",2
"5175",1
"5176",22
"5177",3
"5178",25
"5179",1
"5180",2
"5181",2
"5182",25
"5183",21
"5184",25
"5185",20
"5186",25
"5187",24
"5188",3
"5189",2
"5190",3
"5191",24
"5192",1
"5193",7
"5194",25
"5195",25
"5196",5
"5197",3
"5198",25
"5199",23
"5200",2
"5201",15
"5202",19
"5203",25
"5204",15
"5205",18
"5206",18
"5207",25
"5208",9
"5209",3
"5210",14
"5211",16
"5212",3
"5213",25
"5214",2
"5215",21
"5216",20
"5217",24
"5218",17
"5219",2
"5220",2
"5221",25
"5222",1
"5223",17
"5224",25
"5225",2
"5226",25
"5227",2
"5228",2
"5229",2
"5230",1
"5231",23
"5232",25
"5233",1
"5234",13
"5235",1
"5236",15
"5237",17
"5238",2
"5239",25
"5240",17
"5241",17
"5242",2
"5243",2
"5244",2
"5245",2
"5246",1
"5247",3
"5248",25
"5249",2
"5250",11
"5251",25
"5252",19
"5253",24
"5254",2
"5255",1
"5256",3
"5257",24
"5258",4
"5259",4
"5260",15
"5261",2
"5262",3
"5263",10
"5264",13
"5265",2
"5266",10
"5267",2
"5268",2
"5269",24
"5270",25
"5271",15
"5272",2
"5273",2
"5274",8
"5275",19
"5276",25
"5277",2
"5278",3
"5279",2
"5280",3
"5281",24
"5282",25
"5283",2
"5284",21
"5285",24
"5286",3
"5287",2
"5288",2
"5289",2
"5290",2
"5291",3
"5292",8
"5293",4
"5294",25
"5295",24
"5296",15
"5297",2
"5298",11
"5299",25
"5300",10
"5301",16
"5302",25
"5303",25
"5304",10
"5305",24
"5306",25
"5307",3
"5308",25
"5309",16
"5310",8
"5311",25
"5312",23
"5313",21
"5314",11
"5315",5
"5316",2
"5317",3
"5318",3
"5319",14
"5320",2
"5321",25
"5322",1
"5323",25
"5324",25
"5325",22
"5326",16
"5327",6
"5328",1
"5329",2
"5330",15
"5331",2
"5332",2
"5333",25
"5334",2
"5335",4
"5336",22
"5337",1
"5338",1
"5339",25
"5340",25
"5341",25
"5342",3
"5343",2
"5344",11
"5345",19
"5346",2
"5347",4
"5348",2
"5349",25
"5350",25
"5351",8
"5352",25
"5353",25
"5354",3
"5355",8
"5356",3
"5357",15
"5358",2
"5359",19
"5360",24
"5361",1
"5362",19
"5363",4
"5364",25
"5365",2
"5366",20
"5367",8
"5368",1
"5369",2
"5370",25
"5371",23
"5372",2
"5373",25
"5374",2
"5375",2
"5376",17
"5377",25
"5378",19
"5379",1
"5380",9
"5381",24
"5382",25
"5383",1
"5384",16
"5385",25
"5386",25
"5387",8
"5388",2
"5389",2
"5390",25
"5391",2
"5392",7
"5393",1
"5394",14
"5395",25
"5396",22
"5397",2
"5398",10
"5399",14
"5400",1
"5401",24
"5402",19
"5403",1
"5404",1
"5405",14
"5406",25
"5407",2
"5408",1
"5409",15
"5410",25
"5411",3
"5412",24
"5413",25
"5414",17
"5415",24
"5416",24
"5417",25
"5418",22
"5419",2
"5420",1
"5421",2
"5422",2
"5423",1
"5424",25
"5425",25
"5426",3
"5427",17
"5428",18
"5429",2
"5430",2
"5431",25
"5432",3
"5433",7
"5434",25
"5435",2
"5436",19
"5437",4
"5438",19
"5439",4
"5440",25
"5441",3
"5442",25
"5443",18
"5444",25
"5445",24
"5446",2
"5447",1
"5448",1
"5449",10
"5450",11
"5451",25
"5452",25
"5453",24
"5454",2
"5455",25
"5456",2
"5457",24
"5458",2
"5459",17
"5460",19
"5461",2
"5462",25
"5463",25
"5464",1
"5465",15
"5466",16
"5467",10
"5468",25
"5469",9
"5470",24
"5471",1
"5472",5
"5473",15
"5474",3
"5475",24
"5476",4
"5477",1
"5478",23
"5479",2
"5480",8
"5481",21
"5482",20
"5483",25
"5484",25
"5485",19
"5486",25
"5487",16
"5488",11
"5489",1
"5490",2
"5491",1
"5492",10
"5493",4
"5494",2
"5495",17
"5496",2
"5497",11
"5498",16
"5499",2
